year,month,AO,SOI,NAO,PDO,PNA
1950,1,-0.06,,0.92,-1.6,-2.34
1950,2,0.627,,0.4,-2.02,-1.04
1950,3,-0.008,,-0.36,-1.79,0.24
1950,4,0.555,,0.73,-2.02,0.01
1950,5,0.072,,-0.59,-3.03,-0.55
1950,6,0.539,,-0.06,-2.09,-1.97
1950,7,-0.802,,-1.26,-3.33,-0.43
1950,8,-0.851,,-0.05,-2.73,0.82
1950,9,0.358,,0.25,-2.41,-1.15
1950,10,-0.379,,0.85,-1.76,0.49
1950,11,-0.515,,-1.26,-1.3,-1.81
1950,12,-1.928,,-1.02,-0.89,0.02
1951,1,-0.085,1.5,0.08,-1.04,-0.41
1951,2,-0.4,0.9,0.7,-1.39,-1.36
1951,3,-1.934,-0.1,-1.02,-1.74,-0.81
1951,4,-0.776,-0.3,-0.22,-1.37,0.73
1951,5,-0.863,-0.7,-0.59,-1.29,1.26
1951,6,-0.918,0.2,-1.64,-1.55,-0.61
1951,7,0.09,-1,1.37,-0.19,-0.02
1951,8,-0.377,-0.2,-0.22,-1.57,0.05
1951,9,-0.818,-1.1,-1.36,-0.66,-0.05
1951,10,-0.213,-1,1.87,-0.05,0.24
1951,11,-0.069,-0.8,-0.39,-0.39,0.23
1951,12,1.987,-0.7,1.32,-1.25,-1.29
1952,1,0.368,-0.9,0.93,-2.16,-1.98
1952,2,-1.747,-0.6,-0.83,-1.44,0.28
1952,3,-1.859,0.5,-1.49,-1.54,-0.4
1952,4,0.539,-0.2,1.01,-1.83,1.16
1952,5,-0.774,0.8,-1.12,-1.75,-0.99
1952,6,-0.441,0.7,-0.4,-1.73,0.39
1952,7,0.383,0.5,-0.09,-1.99,-1.23
1952,8,-0.03,0.1,-0.28,-1.26,0.8
1952,9,-0.383,-0.2,-0.54,-1.22,0.53
1952,10,-0.437,0.4,-0.73,-0.71,0.8
1952,11,-1.891,0,-1.13,-0.42,0.82
1952,12,-1.827,-1.2,-0.43,-0.69,0.93
1953,1,-1.036,0.3,0.33,-0.16,0.65
1953,2,-0.249,-0.5,-0.49,-0.43,1
1953,3,1.068,-0.2,-0.04,-1.29,-0.15
1953,4,-1.256,0.2,-1.67,-0.89,1.05
1953,5,-0.562,-1.7,-0.66,-0.56,1.2
1953,6,0.023,0.1,1.09,-0.28,-1.6
1953,7,0.333,0,0.4,0.12,0.74
1953,8,0.085,-1.2,-0.71,-0.82,-1.12
1953,9,0.662,-1.2,-0.35,-0.83,-0.12
1953,10,-0.194,0.1,1.32,-1.16,1.91
1953,11,0.354,-0.3,1.04,-0.3,1.65
1953,12,0.575,-0.5,-0.47,0,1.27
1954,1,-0.148,0.7,0.37,-1.1,-1.14
1954,2,-0.181,-0.3,0.74,-1.01,-0.14
1954,3,0.476,0.3,-0.83,-1.01,-1.17
1954,4,0.512,0.6,1.34,-1.3,-2.7
1954,5,-1.656,0.5,-0.09,-0.67,0.64
1954,6,-0.268,0.1,-0.25,0.54,-0.02
1954,7,0.341,0.4,-0.6,0.02,0.3
1954,8,-0.122,1.1,-1.9,-0.16,-0.08
1954,9,0.301,0.2,-0.44,-0.99,0
1954,10,0.513,0.3,0.6,-0.07,0.75
1954,11,-0.328,0.1,0.4,0.87,1.45
1954,12,0.553,1.4,0.69,0.38,-0.52
1955,1,-1.163,-0.5,-1.84,-0.26,0.4
1955,2,-1.542,1.9,-1.12,-1.08,-1.74
1955,3,-1.568,0.6,-0.53,-1.3,-2.23
1955,4,0.194,-0.1,-0.42,-2.24,0
1955,5,0.242,1,-0.34,-1.87,-0.57
1955,6,-0.266,1.3,-1.1,-2.19,0
1955,7,0.332,1.6,1.76,-2.74,-0.96
1955,8,0.76,1.5,1.07,-2.46,-0.52
1955,9,0.357,1.3,0.32,-2.41,-0.21
1955,10,0.099,1.5,-1.47,-3.15,0.31
1955,11,-1.342,1.2,-1.29,-2.56,-0.96
1955,12,-0.444,1,0.17,-2.11,-2.07
1956,1,-1.204,1.3,-0.22,-2.05,-1.32
1956,2,-2.029,1.6,-1.12,-2.13,-1.04
1956,3,0.47,1.3,-0.05,-2.92,-0.69
1956,4,-0.868,0.9,-1.06,-2.49,0.07
1956,5,1.391,1.4,2.21,-1.66,-0.29
1956,6,0.28,1.1,0.1,-1.85,-0.18
1956,7,-0.215,1.1,-0.75,-1.47,-0.92
1956,8,-0.652,1.2,-1.37,-0.87,-0.2
1956,9,-0.202,0.1,0.24,-0.27,0.55
1956,10,1.139,1.8,0.88,-1.72,-2.11
1956,11,-0.066,0.2,0.51,-2.31,1.06
1956,12,0.001,1.1,0.1,-1.25,-0.31
1957,1,2.062,0.6,1.05,-1.22,-1.19
1957,2,-1.513,-0.1,0.11,-1.38,-1.19
1957,3,-2.013,0.2,-1.26,-0.87,1.1
1957,4,0.238,0.2,0.49,-0.78,-0.17
1957,5,-0.966,-0.7,-0.79,-0.02,1.31
1957,6,-0.76,0.2,-0.72,1.54,0.12
1957,7,-0.646,0.2,-1.19,0.62,0.33
1957,8,0.097,-0.5,-0.55,0.46,-0.96
1957,9,-0.956,-0.9,-1.66,1.91,-0.22
1957,10,0.903,0,1.32,1.83,0.27
1957,11,-1.38,-1,0.73,1.58,0.52
1957,12,0.828,-0.3,0.12,0.42,-0.43
1958,1,-1.438,-1.9,-0.54,0.87,0.99
1958,2,-2.228,-0.5,-1.06,0.98,0.49
1958,3,-2.522,0.3,-1.96,0.7,0.49
1958,4,-0.36,0.4,0.37,0.62,0.57
1958,5,-0.336,-0.5,-0.24,1.38,0.65
1958,6,-1.149,0.3,-1.38,1.5,1.29
1958,7,-0.684,0.4,-1.73,0.55,1.24
1958,8,-0.755,0.9,-1.56,1.1,2.15
1958,9,-0.012,-0.3,-0.07,0.93,-0.01
1958,10,0.77,0.1,0.16,0.48,0.16
1958,11,-0.011,-0.4,1.64,0.39,0.09
1958,12,-1.687,-0.6,-0.7,1.08,0.65
1959,1,-2.013,-0.9,-0.87,1.13,-0.69
1959,2,2.544,-1.4,0.68,0.35,-0.7
1959,3,1.432,1.3,-0.15,0,0.52
1959,4,0.119,0.4,0.36,-0.07,-0.68
1959,5,-0.341,0.5,0.39,-0.01,-0.44
1959,6,-0.033,-0.1,0.4,0.25,0.91
1959,7,0.105,-0.3,0.74,-0.44,-0.03
1959,8,-0.745,-0.1,0.06,-0.26,1.06
1959,9,-0.281,0,0.88,-0.35,1.48
1959,10,-0.249,0.5,0.89,0.9,0.06
1959,11,-1.411,0.9,0.41,1.35,0.28
1959,12,-0.042,0.9,0.44,1.01,0.66
1960,1,-2.484,0.1,-1.29,0.31,0.38
1960,2,-2.212,0.1,-1.89,0.59,0.06
1960,3,-1.625,1,-0.5,0.36,-0.4
1960,4,-0.297,0.8,1.36,0.12,0.18
1960,5,-0.857,0.5,0.45,0.35,1.03
1960,6,0.055,0.1,-0.21,0.94,1.02
1960,7,-0.619,0.5,0.35,-0.59,1.64
1960,8,-1.008,0.8,-1.4,-0.22,1.88
1960,9,-0.382,0.7,0.39,-0.75,0.04
1960,10,-1.187,0.1,-1.73,-0.35,0.29
1960,11,-0.553,0.5,-0.51,-0.36,-0.53
1960,12,-0.343,0.8,0.06,0.18,1.46
1961,1,-1.506,-0.3,0.41,0.88,1.41
1961,2,0.621,0.9,0.45,0.87,0.35
1961,3,0.341,-1.8,0.55,0.54,0.59
1961,4,-0.237,0.8,-1.55,0.17,-0.92
1961,5,0.157,0.3,-0.36,-0.43,-0.38
1961,6,0.837,0.1,0.86,-0.67,1.62
1961,7,-0.108,0.2,-0.39,-1.13,-0.11
1961,8,0.013,0.2,0.9,-0.91,0.5
1961,9,0.815,0.1,1.24,-1.42,1.37
1961,10,0.203,-0.3,0.51,-1.79,-1.91
1961,11,-0.01,0.5,-0.62,-1.81,-0.41
1961,12,-1.668,1.5,-1.48,-2.04,-1.24
1962,1,1.645,2,0.61,-1.37,-0.07
1962,2,-0.358,-0.3,0.55,-1.32,-0.18
1962,3,-2.848,0.1,-2.47,-1.28,-0.43
1962,4,1.169,0.2,0.99,-1.24,-1.3
1962,5,0.068,1.1,-0.1,-1.34,-1.36
1962,6,0.287,0.7,0.16,-1.9,-1.01
1962,7,-0.927,0.1,-2.47,-1.97,0.06
1962,8,0.152,0.6,0.14,-0.74,0.6
1962,9,-0.056,0.4,-0.37,-1.54,-0.95
1962,10,-0.016,1,0.41,-1.7,1.06
1962,11,-1.112,0.3,-0.23,-0.56,0.57
1962,12,-0.711,0.2,-1.32,-0.43,-0.08
1963,1,-3.311,1,-2.12,-0.11,0.58
1963,2,-1.721,0.6,-0.96,0.28,0.81
1963,3,0.724,1.1,-0.43,-0.25,-1.79
1963,4,-0.348,0.8,-1.35,-0.44,-0.56
1963,5,0.771,0.4,2.16,-1.16,-1.17
1963,6,-0.585,-0.5,-0.43,-0.74,0.37
1963,7,-0.303,-0.1,-0.77,-1.25,-0.73
1963,8,-0.625,0,-0.64,-0.96,-0.98
1963,9,0.083,-0.6,1.79,0.79,1.1
1963,10,1.069,-1.2,0.94,0.02,0.69
1963,11,-0.419,-0.8,-1.27,-0.63,-0.31
1963,12,-1.178,-1.2,-1.92,0.07,1.77
1964,1,0.385,-0.4,-0.95,0.5,0.16
1964,2,-0.575,0,-1.43,0.31,1.24
1964,3,-0.558,1.1,-1.2,-0.6,-1.04
1964,4,0.663,1.1,0.36,-1.14,-1.09
1964,5,1.174,0.2,0.52,-2.22,-2.68
1964,6,0.142,0.8,1.29,-0.61,0.15
1964,7,0.734,0.6,1.9,-0.98,0.66
1964,8,-1.207,1.5,-1.77,-1.26,0.86
1964,9,-0.227,1.3,0.2,-1.09,1.15
1964,10,0.342,1.3,0.74,-0.52,0.58
1964,11,-0.344,0.2,-0.01,-0.57,-0.81
1964,12,-0.246,-0.3,-0.15,-0.61,-1.73
1965,1,-1.046,-0.4,-0.12,-0.86,-0.21
1965,2,-2.084,0.4,-1.55,-0.57,-0.55
1965,3,-0.905,0.8,-1.51,-0.16,-0.52
1965,4,0.568,-0.5,0.72,0.06,-0.85
1965,5,-0.153,0.2,-0.62,-0.64,-0.57
1965,6,0.038,-0.6,0.29,-0.69,1.67
1965,7,-0.51,-1.8,0.32,-0.71,-0.9
1965,8,-0.255,-0.7,0.45,0.38,0.35
1965,9,-0.698,-1.3,0.37,0.89,0.48
1965,10,0.394,-0.9,0.38,0.32,1.14
1965,11,-1.341,-1.5,-1.66,0.37,-0.84
1965,12,0.163,0.2,1.37,0.22,-1.26
1966,1,-3.232,-1.3,-1.74,-0.69,0.39
1966,2,-1.438,-0.2,-1.39,-0.42,-1.31
1966,3,-0.911,-0.9,0.56,-1.05,0.74
1966,4,-1.837,-0.2,-0.75,-0.35,-0.31
1966,5,1.124,-0.4,0.22,-0.69,-0.27
1966,6,0.408,0.3,1.05,0.09,-0.01
1966,7,0.011,0.1,0.32,-0.12,-0.81
1966,8,-0.945,0.6,-1.76,-0.27,1.29
1966,9,0.011,-0.2,-0.45,-0.46,0.81
1966,10,-1.077,-0.1,-0.68,-0.71,-0.7
1966,11,0.111,0,-0.04,-0.83,-2.04
1966,12,-1.401,-0.3,0.72,-0.37,0.09
1967,1,-0.576,1.7,-0.89,-0.3,-0.4
1967,2,1.18,1.7,0.19,-0.31,0.07
1967,3,1.967,1.2,1.51,-0.85,-2
1967,4,1.7,0,0.18,-1.11,-1.72
1967,5,0.127,0,-0.99,-1.45,-1.01
1967,6,0.647,0.6,1.4,-1.17,-0.41
1967,7,0.259,0.2,0.41,-1.18,-0.88
1967,8,-0.293,0.7,1.44,-1.5,-0.32
1967,9,0.133,0.5,0.93,-0.68,0.18
1967,10,1.299,0.1,0.07,-0.14,0.85
1967,11,0.334,-0.4,0.6,0.35,-0.36
1967,12,-0.347,-0.6,-0.45,-0.7,-0.82
1968,1,-0.409,0.5,0.13,-0.72,-0.88
1968,2,-2.154,1.3,-1.29,-0.29,1.05
1968,3,1.741,0.1,0.4,-0.08,0.44
1968,4,0.328,0,-1.08,-0.8,-0.89
1968,5,-0.241,1.2,-1.76,-0.8,0.17
1968,6,0.42,1.1,0.33,0.22,-0.18
1968,7,-0.836,0.7,-0.8,0.5,0.41
1968,8,-0.671,0.3,-0.66,0.1,1.33
1968,9,-1.009,-0.3,-1.92,0.35,-0.99
1968,10,-1.013,-0.1,-2.3,-0.08,0.26
1968,11,-2.183,-0.3,-0.93,0.05,0.88
1968,12,-0.783,0.2,-1.4,-0.35,-1.44
1969,1,-2.967,-1.5,-0.83,-0.77,-1.8
1969,2,-3.114,-0.5,-1.55,-1.26,-1.25
1969,3,-1.582,0.4,-1.56,-1.3,0.78
1969,4,0.438,-0.4,1.53,-1.14,0.74
1969,5,-0.72,-0.2,0.55,-0.97,1.06
1969,6,-0.348,0.2,0.55,0.88,1.88
1969,7,0.41,-0.5,0.57,-0.42,0.99
1969,8,-0.782,-0.1,-1.45,-0.85,-0.66
1969,9,-0.083,-1,2.07,-0.98,1.62
1969,10,0.098,-0.9,0.66,0.87,0.35
1969,11,0.326,-0.1,-0.96,0.57,0.15
1969,12,-1.856,0.4,-0.28,1.02,1.84
1970,1,-2.412,-1.1,-1.5,1.02,0.6
1970,2,-1.325,-1,0.64,0.9,0.98
1970,3,-2.084,0.6,-0.96,1.03,0.81
1970,4,0.302,-0.1,-1.3,0.3,-0.43
1970,5,0.531,0.4,1.14,-0.8,-0.66
1970,6,0.875,1,1.55,0,0.11
1970,7,0.139,-0.4,0.1,-0.85,1.24
1970,8,-0.263,0.6,0.1,-1.53,-0.57
1970,9,0.03,1.2,-0.09,-1.47,-0.42
1970,10,0.098,1,-0.92,-1.02,-1.01
1970,11,0.378,1.6,-0.6,-0.86,-1.19
1970,12,-0.399,1.9,-1.2,-0.92,-0.79
1971,1,-0.163,0.4,-1.13,-1.44,-1.39
1971,2,-0.922,2,0.24,-1.65,0.1
1971,3,-1.091,2.3,-0.84,-1.84,0.02
1971,4,-0.583,1.7,-0.24,-1.86,0.48
1971,5,0.679,0.9,0.5,-1.78,1.14
1971,6,-0.668,0.4,-1.57,-1.72,0.38
1971,7,-0.578,0.2,0.24,-2.42,-1.41
1971,8,0.818,1.5,1.55,-0.32,-0.78
1971,9,0.153,1.4,0.39,-0.1,0.23
1971,10,1.185,1.7,0.58,-0.32,-1.37
1971,11,0.419,0.5,-0.2,-1.28,-0.26
1971,12,0.824,0.3,0.6,-1.81,-1.46
1972,1,0.166,0.5,0.27,-2.12,-1.41
1972,2,-0.195,1.1,0.32,-2.1,-1.48
1972,3,-0.141,0.6,0.72,-1.78,0.2
1972,4,1.007,-0.1,-0.22,-1.79,-1.76
1972,5,0.14,-1.6,0.95,-2.19,0.14
1972,6,-0.049,-0.5,0.88,-2.08,-0.24
1972,7,-0.553,-1.4,0.18,-1.67,-0.76
1972,8,-0.082,-0.5,1.32,-0.13,-0.01
1972,9,-0.92,-1.4,-0.12,-0.01,0.21
1972,10,0.392,-0.9,1.09,-0.09,-1.5
1972,11,-0.38,-0.3,0.54,0.09,0.56
1972,12,1.238,-1.3,0.19,-0.42,-0.56
1973,1,1.232,-0.3,0.04,-0.3,-0.18
1973,2,0.786,-1.4,0.85,-0.61,0.12
1973,3,0.537,0.7,0.3,-1.02,0.85
1973,4,-1.126,0.1,-0.54,-1.54,0.36
1973,5,0.073,0.4,-0.44,-1.76,0.66
1973,6,0.531,1.1,0.39,-1.55,0.84
1973,7,0.27,0.6,0.57,-1.42,0.17
1973,8,0.313,1.3,-0.06,-1.5,-0.92
1973,9,0.114,1.2,-0.3,-0.97,-0.28
1973,10,0.337,0.8,-1.24,-1.3,-0.82
1973,11,0.002,2.6,-0.93,-1.52,-1.73
1973,12,-0.181,1.8,0.32,-0.95,0.53
1974,1,0.232,2.4,1.34,-0.93,-0.69
1974,2,-0.489,2.1,-0.14,-1.4,-0.9
1974,3,-0.746,2.4,-0.03,-1.32,-0.82
1974,4,0.309,0.9,0.51,-0.73,-0.5
1974,5,-0.507,1,-0.24,-0.77,-0.55
1974,6,-0.048,0.4,-0.14,-0.4,-1.38
1974,7,0.39,1.1,-0.76,-0.09,0.35
1974,8,-0.533,0.8,-0.64,-0.12,0.93
1974,9,-0.136,1.1,0.82,0.77,0.47
1974,10,-1.024,0.9,0.49,0.23,0.69
1974,11,-0.435,-0.1,-0.54,0.75,0.57
1974,12,0.556,0.2,1.5,0.43,0.68
1975,1,1.595,-0.5,0.58,-0.58,-0.43
1975,2,0.194,0.8,-0.62,-0.89,-0.16
1975,3,0.151,1.6,-0.61,-1.14,-0.53
1975,4,0.409,1.2,-1.6,-1.84,-0.44
1975,5,-0.614,0.6,-0.52,-2.07,0.59
1975,6,-0.323,1.3,-0.84,-1.61,-0.39
1975,7,0.345,1.9,1.55,-1.01,-1.19
1975,8,0.13,2,-0.26,-1.44,-1.07
1975,9,1.278,2.1,1.56,-1.55,-0.23
1975,10,0.138,1.7,-0.54,-1.49,-0.74
1975,11,0.619,1.2,0.41,-1.62,-0.65
1975,12,1.29,2.1,0,-1.41,0.14
1976,1,0.034,1.4,-0.25,-0.95,0.31
1976,2,1.656,1.7,0.93,-0.99,-1.56
1976,3,0.587,1.7,0.75,-1.39,-1.52
1976,4,0.44,0.3,0.26,-1.38,1.19
1976,5,0.06,0.4,0.96,-1.02,0.56
1976,6,0.328,0.3,0.8,-1.15,-1.34
1976,7,-0.325,-0.9,-0.32,0.17,0.32
1976,8,0.559,-0.8,1.92,0.98,-0.59
1976,9,-0.743,-1.1,-1.29,0.68,0
1976,10,-0.804,0.4,-0.08,1.1,0.68
1976,11,-0.087,0.7,0.17,1.41,1.81
1976,12,-2.074,-0.3,-1.6,1.34,0.51
1977,1,-3.767,-0.4,-1.04,1.33,1.75
1977,2,-2.01,1.2,-0.49,1.48,2.04
1977,3,0.344,-0.5,-0.81,0.54,-0.4
1977,4,1.329,-0.4,0.65,-0.29,-0.08
1977,5,0.104,-0.5,-0.86,-0.35,-0.73
1977,6,-0.226,-0.9,-0.57,-0.01,0.43
1977,7,-0.492,-1.1,-0.45,-0.09,-0.67
1977,8,-1.412,-0.8,-0.28,0.01,2.22
1977,9,0.586,-0.8,0.37,-0.64,-0.82
1977,10,-0.009,-1,0.52,-0.74,0.98
1977,11,0.605,-1.3,-0.07,-0.33,-0.22
1977,12,-0.24,-1.1,-1,0.03,-0.5
1978,1,-0.347,-0.3,0.66,0.63,0.61
1978,2,-3.014,-2.7,-2.2,0.93,1.27
1978,3,0.502,-0.2,0.7,1.07,0.12
1978,4,-0.967,-0.3,-1.17,0.97,0.05
1978,5,0.059,1.4,1.08,0.71,-0.92
1978,6,0.635,0.7,1.38,0.33,-0.97
1978,7,-0.604,0.6,-1.14,-1.49,-2.15
1978,8,-0.354,0.4,0.64,-0.81,0.05
1978,9,-0.099,0.1,0.46,-0.75,1.71
1978,10,0.895,-0.4,1.93,0.15,0.48
1978,11,2.47,0,3.04,0.06,-0.49
1978,12,-0.98,-0.1,-1.57,-0.45,-0.72
1979,1,-2.233,-0.4,-1.38,-0.34,-0.69
1979,2,-0.697,1,-0.67,-1.21,-1.82
1979,3,-0.814,0.1,0.78,-0.78,0.38
1979,4,-1.157,-0.1,-1.71,-0.25,0.09
1979,5,-0.25,0.5,-1.03,0.45,1.35
1979,6,0.933,0.6,1.6,0.19,-1.64
1979,7,0.039,1.3,0.83,0.3,0.99
1979,8,-0.684,-0.2,0.96,0.21,0.7
1979,9,-0.046,0.1,1.01,0.88,1.28
1979,10,-1.243,-0.1,-0.3,1.15,1.53
1979,11,0.475,-0.4,0.53,0.61,0.54
1979,12,1.295,-0.7,1,0.12,-0.38
1980,1,-2.066,0.4,-0.75,0.11,-0.28
1980,2,-0.934,0.3,0.05,0.71,1.74
1980,3,-1.433,-0.4,-0.31,0.58,-0.35
1980,4,-0.419,-0.6,1.29,0.59,1.96
1980,5,-1.155,0,-1.5,0.57,-0.28
1980,6,0.721,0,-0.37,-0.73,-0.86
1980,7,-0.622,0,-0.42,-0.3,-0.42
1980,8,-0.185,0.4,-2.24,0.17,-1.99
1980,9,0.313,-0.5,0.66,-0.08,-0.05
1980,10,-0.521,0,-1.77,1.07,2.45
1980,11,-1.361,-0.3,-0.37,0.78,1.35
1980,12,-0.057,-0.1,0.78,0.51,-0.27
1981,1,-0.116,0.4,0.37,1.23,2.42
1981,2,-0.332,-0.2,0.92,1.34,0.38
1981,3,-1.645,-1.3,-1.19,1.18,1.6
1981,4,0.43,-0.1,0.36,1.08,-1.02
1981,5,0.18,0.8,0.2,1.33,1.98
1981,6,-0.438,1.2,-0.45,1.91,-0.2
1981,7,0.561,0.8,0.05,0.69,-0.64
1981,8,-0.244,0.7,0.39,0.08,-1.5
1981,9,-1.04,0.3,-1.45,0.48,0.15
1981,10,-1.167,-0.4,-1.35,0.04,-1.45
1981,11,-0.188,0.2,-0.38,0.58,1.26
1981,12,-1.216,0.5,-0.02,0.69,-0.12
1982,1,-0.883,1.2,-0.89,0.28,-0.86
1982,2,0.974,0.3,1.15,-0.09,-0.68
1982,3,1.074,0.6,1.15,-0.36,-1.4
1982,4,1.454,0.1,0.1,-0.71,-1.89
1982,5,-0.209,-0.3,-0.53,-1.11,-0.7
1982,6,-1.18,-1,-1.63,-0.91,1.93
1982,7,0.005,-1.5,1.15,0.04,0.97
1982,8,0.362,-1.7,0.26,0.03,0.34
1982,9,0.558,-1.7,1.76,0.64,1.05
1982,10,-0.211,-1.7,-0.74,0.26,-0.93
1982,11,0.661,-2.6,1.6,-0.48,-0.48
1982,12,0.967,-2.2,1.78,0.32,0.75
1983,1,1.359,-3.5,1.59,0.45,1.18
1983,2,-1.806,-3.6,-0.53,1.06,1.3
1983,3,-0.567,-2.4,0.95,1.65,2.38
1983,4,-0.738,-0.9,-0.85,1.27,1.26
1983,5,-0.441,0.6,-0.07,1,-0.19
1983,6,0.313,0,0.99,1.8,1.87
1983,7,0.131,-0.6,1.19,2.28,1.33
1983,8,1.098,0.1,1.61,1.29,0.53
1983,9,0.167,0.9,-1.12,0.58,-1.59
1983,10,1.369,0.4,0.65,0.72,0.09
1983,11,-0.688,-0.1,-0.98,1.28,1.84
1983,12,0.186,0,0.29,1.74,-0.31
1984,1,0.905,0.2,1.66,1.65,0.97
1984,2,-0.303,0.9,0.72,1.31,0.77
1984,3,-2.386,-0.2,-0.37,1.58,1.41
1984,4,-0.284,0.3,-0.28,0.9,1.7
1984,5,0.479,0.2,0.54,0.94,0.32
1984,6,0.007,-0.3,-0.42,-0.15,-0.44
1984,7,0.019,0.2,-0.07,-0.31,-2.34
1984,8,0.466,0.4,1.15,0.18,-1.11
1984,9,-0.413,0.1,0.17,0.32,0.03
1984,10,-0.27,-0.3,-0.07,0.51,-0.63
1984,11,-0.966,0.3,-0.06,0.68,0.42
1984,12,0.446,-0.1,0,0.6,-1.6
1985,1,-2.806,-0.3,-1.61,0.99,1.63
1985,2,-1.44,1.2,-0.49,0.61,-0.52
1985,3,0.551,0.8,0.2,-0.31,-0.92
1985,4,0.652,1.2,0.32,-0.51,-1.06
1985,5,-0.432,0.4,-0.49,-0.88,-1.03
1985,6,-0.347,-0.4,-0.8,-0.02,1.1
1985,7,-0.39,-0.1,1.22,0.48,0.25
1985,8,-0.001,1,-0.48,0.2,-0.5
1985,9,0.114,0,-0.52,0.27,-0.71
1985,10,1.035,-0.4,0.9,0.27,-1.51
1985,11,-1.218,-0.2,-0.67,-0.45,-1.9
1985,12,-1.948,0.2,0.22,0.45,1.39
1986,1,-0.568,1,1.11,1.08,0.97
1986,2,-2.904,-1,-1,1.6,0.53
1986,3,1.931,0.5,1.71,1.65,0.83
1986,4,0.103,0.3,-0.59,1.09,0.09
1986,5,0.367,-0.2,0.85,0.78,-0.13
1986,6,0.535,1,1.22,0.65,0.26
1986,7,-0.008,0.3,0.12,1.03,0.07
1986,8,-0.826,-0.4,-1.09,-0.06,-1.45
1986,9,-0.023,-0.5,-1.12,0.09,-0.29
1986,10,1.425,0.6,1.55,1.02,0.92
1986,11,0.926,-1.2,2.29,1.7,-0.73
1986,12,0.06,-1.4,0.99,1.77,1.37
1987,1,-1.148,-0.7,-1.15,1.54,1
1987,2,-1.473,-1.2,-0.73,1.57,0.65
1987,3,-1.746,-1.3,0.14,1.36,1.17
1987,4,0.387,-1.4,2,1.36,1.83
1987,5,0.325,-1.3,0.98,0.82,-1.26
1987,6,-0.71,-1.1,-1.82,0.2,0.42
1987,7,-0.466,-1.4,0.52,1.4,-0.01
1987,8,-0.836,-0.9,-0.83,1.87,0.77
1987,9,0.287,-1,-1.22,1.58,-3.07
1987,10,-0.08,-0.4,0.14,0.83,0.53
1987,11,-0.536,0,0.18,1.09,1.26
1987,12,-0.534,-0.5,0.32,0.95,0.8
1988,1,0.265,-0.1,1.02,0.4,0.53
1988,2,-1.066,-0.4,0.76,0.52,1.25
1988,3,-0.197,0.6,-0.17,0.5,0.69
1988,4,-0.561,0.1,-1.17,0.32,1.4
1988,5,-0.846,0.9,0.63,0.19,0.6
1988,6,0.061,0.1,0.88,0.09,1.13
1988,7,-0.143,1,-0.35,-0.28,2.16
1988,8,0.255,1.5,0.04,-0.75,-0.59
1988,9,1.039,1.8,-0.99,-0.9,-1.11
1988,10,0.032,1.4,-1.08,-0.37,0.66
1988,11,-0.035,1.7,-0.34,0.05,0.13
1988,12,1.679,1.2,0.61,-0.01,0.63
1989,1,3.106,1.5,1.17,-1.02,-0.72
1989,2,3.279,1.2,2,-1.3,-1.06
1989,3,1.53,1.1,1.85,-1.16,-1.3
1989,4,-0.25,1.6,0.28,-0.44,-0.54
1989,5,0.889,1.2,1.38,-0.14,-0.14
1989,6,0.345,0.7,-0.27,0.14,-0.63
1989,7,0.866,0.9,0.97,0.54,-0.18
1989,8,0.551,-0.3,0.01,-0.41,-0.24
1989,9,0.703,0.5,2.05,-0.45,0.54
1989,10,0.991,0.8,-0.03,-0.42,-1.13
1989,11,0.034,-0.2,0.16,-0.57,-0.72
1989,12,-0.644,-0.5,-1.15,-0.03,0.87
1990,1,1.001,-0.1,1.04,-0.31,-0.34
1990,2,3.402,-1.8,1.41,-1.17,-1.86
1990,3,2.99,-0.4,1.46,-1.2,0.34
1990,4,1.879,0.2,2,-0.16,-0.39
1990,5,0.943,1.2,-1.53,-0.31,0.21
1990,6,0.304,0.3,-0.02,-0.24,-1.41
1990,7,-0.296,0.5,0.53,-0.09,0.17
1990,8,-0.18,-0.2,0.97,-0.28,1.79
1990,9,-0.21,-0.7,1.06,-0.17,-0.5
1990,10,0.66,0.3,0.23,-1.02,-0.97
1990,11,0.521,-0.5,-0.24,-1.65,-1.73
1990,12,1.277,-0.2,0.22,-2.08,-1.32
1991,1,0.723,0.6,0.86,-1.53,0.66
1991,2,-0.876,0.3,1.04,-0.99,1.07
1991,3,-0.527,-0.7,-0.2,-1.21,-0.94
1991,4,0.53,-0.6,0.29,-1.53,0.64
1991,5,0.486,-1,0.08,-1.58,-0.81
1991,6,-0.115,-0.1,-0.82,-2.18,-0.97
1991,7,-0.188,0,-0.49,-1.44,0.75
1991,8,0.797,-0.4,1.23,-0.35,-0.25
1991,9,-0.112,-1.5,0.48,0.42,1.43
1991,10,-0.252,-1,-0.19,0.41,-2.28
1991,11,0.285,-0.7,0.48,0.69,0.24
1991,12,1.613,-1.8,0.46,0,0.47
1992,1,0.55,-2.9,-0.13,0.21,1.28
1992,2,1.122,-0.9,1.07,0.2,0.29
1992,3,0.984,-2,0.87,0.18,0.77
1992,4,-0.521,-1,1.86,0.52,-0.05
1992,5,1.341,0.3,2.63,1.25,1.27
1992,6,-0.302,-0.6,0.2,1.24,1.17
1992,7,0.191,-0.6,0.16,1.53,0.85
1992,8,0.535,0.4,0.85,0.99,-0.34
1992,9,-0.64,0.1,-0.44,0.56,-1.31
1992,10,-0.366,-1.4,-1.76,1.3,0.21
1992,11,0.717,-0.7,1.19,1.22,0.85
1992,12,1.627,-0.6,0.47,0.44,-1.23
1993,1,3.495,-0.9,1.6,-0.22,-0.65
1993,2,0.184,-0.7,0.5,0.11,0.55
1993,3,0.764,-0.5,0.67,0.25,1.27
1993,4,-0.435,-1.2,0.97,1.04,1.54
1993,5,-1.607,-0.3,-0.78,1.74,2.66
1993,6,-0.52,-0.8,-0.59,1.96,0.52
1993,7,-0.511,-0.8,-3.18,1.45,0.15
1993,8,-0.393,-0.9,0.12,1.92,-0.14
1993,9,-0.361,-0.7,-0.57,1.21,-1.12
1993,10,-0.565,-1.1,-0.71,1.36,-0.3
1993,11,1.002,-0.1,2.56,1.15,-0.36
1993,12,-0.104,0.2,1.56,0.79,0.72
1994,1,-0.288,-0.1,1.04,0.88,-0.12
1994,2,-0.862,0.3,0.46,0.38,-0.73
1994,3,1.881,-0.7,1.26,0.28,0.54
1994,4,0.225,-1.3,1.14,0.52,-0.47
1994,5,-0.115,-0.7,-0.57,0.48,0.45
1994,6,1.606,-0.4,1.52,-0.17,-1.38
1994,7,0.351,-1.3,1.31,-0.89,0.38
1994,8,0.828,-1.2,0.38,-0.83,-1.34
1994,9,-0.084,-1.6,-1.32,-1.41,-2.38
1994,10,0.174,-1.1,-0.97,-1.04,-0.23
1994,11,1.779,-0.6,0.64,-1.89,-1.67
1994,12,0.894,-1.2,2.02,-2.08,0.69
1995,1,-0.154,-0.4,0.93,-0.95,0.66
1995,2,1.429,-0.1,1.14,-0.02,0.73
1995,3,0.393,0.8,1.25,0.27,0.33
1995,4,-0.963,-0.7,-0.85,0.37,0.29
1995,5,-0.891,-0.4,-1.49,0.72,0.01
1995,6,-0.112,0.1,0.13,0.69,0.74
1995,7,-0.217,0.4,-0.22,0.88,-0.34
1995,8,0.544,0.3,0.69,-0.15,-0.3
1995,9,-0.549,0.3,0.31,1.12,1.52
1995,10,0.075,0,0.19,0.32,-0.05
1995,11,-0.723,0,-1.38,-0.13,-0.75
1995,12,-2.127,-0.5,-1.67,0.48,0.92
1996,1,-1.2,1,-0.12,0.89,-0.02
1996,2,0.163,0.3,-0.07,0.8,-0.3
1996,3,-1.483,1.1,-0.24,0.68,-0.47
1996,4,-1.525,0.8,-0.17,1.37,0.77
1996,5,-0.226,0.3,-1.06,1.87,0.32
1996,6,0.497,1.2,0.56,1.08,-1.21
1996,7,0.715,0.7,0.67,0.42,0.64
1996,8,0.125,0.7,1.02,-0.66,-0.9
1996,9,-1.14,0.6,-0.86,0.03,-0.28
1996,10,0.183,0.6,-0.33,0.26,-0.76
1996,11,0.136,-0.1,-0.56,0.24,-0.45
1996,12,-1.721,0.9,-1.41,-0.07,-1.23
1997,1,-0.457,0.5,-0.49,0.34,0.63
1997,2,1.889,1.7,1.7,0.13,0.56
1997,3,1.091,-0.4,1.46,0.21,-1.3
1997,4,0.324,-0.6,-1.02,0.67,0.55
1997,5,-0.961,-1.3,-0.28,1.36,0.78
1997,6,-0.815,-1.4,-1.47,2.24,-0.34
1997,7,-0.431,-0.8,0.34,1.43,0.56
1997,8,0.121,-1.4,0.83,2.23,-0.52
1997,9,0.195,-1.4,0.61,1.67,0.31
1997,10,-0.7,-1.5,-1.7,1.62,-0.26
1997,11,-0.661,-1.2,-0.9,1.35,0.91
1997,12,-0.071,-1,-0.96,0.8,1.16
1998,1,-2.081,-2.7,0.39,0.92,0.74
1998,2,-0.183,-2,-0.11,1.38,0.89
1998,3,-0.254,-2.4,0.87,1.23,1.01
1998,4,-0.038,-1.4,-0.68,0.05,1.12
1998,5,0.429,0.3,-1.32,-0.53,-2.22
1998,6,-0.711,1,-2.72,-0.53,-0.02
1998,7,-0.212,1.2,-0.48,-1.03,2.24
1998,8,0.65,1.2,-0.02,-0.8,-0.57
1998,9,-1.05,1,-2,-1.65,0.55
1998,10,0.294,1.1,-0.29,-2.14,0.55
1998,11,-1.449,1,-0.28,-0.96,0.74
1998,12,1.353,1.4,0.87,-0.98,-0.09
1999,1,0.11,1.8,0.77,-0.75,0.16
1999,2,0.482,1,0.29,-1.14,-0.12
1999,3,-1.492,1.3,0.23,-1.35,0.69
1999,4,0.284,1.4,-0.95,-1.87,0.3
1999,5,0.226,0.2,0.92,-2.27,-0.15
1999,6,0.707,0.3,1.12,-2.37,0.3
1999,7,-0.002,0.5,-0.9,-1.97,-0.54
1999,8,-0.672,0.4,0.39,-1.73,1.97
1999,9,0.059,-0.1,0.36,-2.16,0.44
1999,10,-0.006,1,0.2,-2.57,0.41
1999,11,0.611,1,0.65,-2.28,0.48
1999,12,1.043,1.4,1.61,-1.99,0.21
2000,1,1.27,0.7,0.6,-2.18,-0.82
2000,2,1.076,1.7,1.7,-1.44,1.12
2000,3,-0.451,1.3,0.77,-0.89,1.28
2000,4,-0.279,1.2,-0.03,-0.67,-0.35
2000,5,0.969,0.4,1.58,-0.63,-0.28
2000,6,0.586,-0.2,-0.03,-0.68,-1.22
2000,7,-0.649,-0.2,-1.03,-1.31,-2.28
2000,8,0.144,0.7,-0.29,-1.57,-0.48
2000,9,0.395,0.9,-0.21,-1.38,-1.4
2000,10,0.317,1.1,0.92,-1.46,0.25
2000,11,-1.581,1.8,-0.92,-1.11,0.74
2000,12,-2.354,0.8,-0.58,-0.16,1.23
2001,1,-0.959,1,0.25,0.48,1.51
2001,2,-0.622,1.7,0.45,-0.12,-0.16
2001,3,-1.687,0.9,-1.26,-0.54,0.7
2001,4,0.906,0.2,0,-1.25,-0.47
2001,5,0.452,-0.5,-0.02,-1.11,-0.11
2001,6,-0.015,0.3,-0.2,-1.28,-0.94
2001,7,-0.031,-0.2,-0.25,-2.31,0.06
2001,8,0.521,-0.4,-0.07,-1.72,-0.11
2001,9,-0.707,0.2,-0.65,-2.12,0.1
2001,10,0.707,0,-0.24,-1.89,-0.22
2001,11,0.819,0.7,0.63,-1.5,1.09
2001,12,-1.322,-0.8,-0.83,-1.08,0.56
2002,1,1.381,0.4,0.44,-0.37,-0.04
2002,2,1.304,1.1,1.1,-1.47,0.14
2002,3,0.902,-0.2,0.69,-1.23,-1.3
2002,4,0.748,-0.1,1.18,-1.32,-2.22
2002,5,0.401,-0.8,-0.22,-1.59,-0.73
2002,6,0.573,-0.2,0.38,-1.12,-0.05
2002,7,0.328,-0.5,0.62,-0.91,0.88
2002,8,-0.229,-1,0.38,-0.03,0.64
2002,9,-0.043,-0.6,-0.7,-0.31,0.77
2002,10,-1.489,-0.4,-2.28,-0.33,-0.65
2002,11,-1.425,-0.5,-0.18,0.9,1.54
2002,12,-1.592,-1.1,-0.94,1.51,1.59
2003,1,-0.472,-0.2,0.16,1.37,1.29
2003,2,0.128,-0.7,0.62,0.83,0.73
2003,3,0.933,-0.3,0.32,0.85,-0.07
2003,4,-0.178,-0.1,-0.18,0.15,0.14
2003,5,1.017,-0.3,0.01,0,-2.2
2003,6,-0.102,-0.6,-0.07,-0.59,-0.6
2003,7,0.075,0.3,0.13,0.1,1.23
2003,8,-0.28,0.1,-0.07,0.59,-0.28
2003,9,0.467,-0.1,0.01,-0.36,0.76
2003,10,-0.67,0,-1.26,0.54,0.97
2003,11,0.642,-0.3,0.86,-0.42,-1.72
2003,12,0.265,1.1,0.64,-0.59,0.86
2004,1,-1.686,-1.3,-0.29,-0.39,0.41
2004,2,-1.528,1.2,-0.14,-0.27,1.06
2004,3,0.318,0.4,1.02,-0.19,0.3
2004,4,-0.409,-0.9,1.15,-0.12,0.51
2004,5,-0.094,1,0.19,0.41,-1.76
2004,6,-0.236,-0.8,-0.89,-0.37,-0.37
2004,7,-0.201,-0.5,1.13,-0.13,0.09
2004,8,-0.72,-0.3,-0.48,0.18,1.55
2004,9,0.855,-0.3,0.38,-0.19,-0.08
2004,10,-0.515,-0.1,-1.1,-0.68,-1.39
2004,11,0.678,-0.7,0.73,-1.24,0.31
2004,12,1.23,-0.8,1.21,-0.71,0.26
2005,1,0.356,0.3,1.52,-0.31,0.02
2005,2,-1.271,-3.1,-0.06,0.06,0.14
2005,3,-1.348,0.3,-1.83,0.52,0.88
2005,4,-0.046,-0.6,-0.3,0.17,1.28
2005,5,-0.763,-0.8,-1.25,0.99,1.74
2005,6,-0.383,0.4,-0.05,0.45,0.29
2005,7,-0.03,0.2,-0.51,-0.04,0.43
2005,8,0.026,-0.3,0.37,-0.5,0.72
2005,9,0.802,0.4,0.63,-0.95,1.63
2005,10,0.03,1.2,-0.98,-1.85,0.9
2005,11,0.228,-0.2,-0.31,-1.73,-0.76
2005,12,-2.104,0,-0.44,0.01,1.38
2006,1,-0.17,1.7,1.27,0.61,0.43
2006,2,-0.156,0.1,-0.51,0.35,-0.11
2006,3,-1.604,1.8,-1.28,-0.71,-0.27
2006,4,0.138,1.1,1.24,-0.44,0.45
2006,5,0.156,-0.5,-1.14,-0.41,-1.27
2006,6,1.071,-0.2,0.84,0.1,-1.06
2006,7,0.103,-0.6,0.9,0.28,1.83
2006,8,-0.265,-1,-1.73,-0.76,-1.41
2006,9,0.606,-0.6,-1.62,-1.57,0.42
2006,10,-1.029,-1.3,-2.24,-0.41,-0.84
2006,11,0.521,0.1,0.44,-0.67,-1.39
2006,12,2.282,-0.3,1.34,-0.29,1.86
2007,1,2.034,-0.8,0.22,-0.47,0.72
2007,2,-1.307,-0.1,-0.47,-0.58,-0.09
2007,3,1.182,0.2,1.44,-1.09,0.18
2007,4,0.544,-0.1,0.17,-0.59,1.25
2007,5,0.894,-0.1,0.66,-0.52,-0.06
2007,6,-0.555,0.5,-1.31,-0.3,-0.38
2007,7,-0.397,-0.3,-0.58,0.1,2.21
2007,8,-0.034,0.4,-0.14,0.04,1.98
2007,9,0.179,0.2,0.72,-0.99,1.88
2007,10,0.383,0.7,0.45,-1.95,0.55
2007,11,-0.519,0.9,0.58,-1.25,0.69
2007,12,0.821,1.7,0.34,-0.97,0.14
2008,1,0.819,1.8,0.89,-1.54,-0.32
2008,2,0.938,2.6,0.73,-1.38,0.5
2008,3,0.586,1.4,0.08,-1.32,-0.32
2008,4,-0.455,0.7,-1.07,-1.99,-0.97
2008,5,-1.205,-0.1,-1.73,-1.91,1.33
2008,6,-0.09,0.6,-1.39,-1.88,-1.75
2008,7,-0.48,0.3,-1.27,-1.74,-0.1
2008,8,-0.08,1,-1.16,-1.8,0.92
2008,9,-0.327,1.2,1.02,-1.92,1.12
2008,10,1.676,1.3,-0.04,-1.63,0.86
2008,11,0.092,1.3,-0.32,-1.33,1.11
2008,12,0.648,1.4,-0.28,-1.27,-1.41
2009,1,0.8,1.1,-0.01,-1.69,0.61
2009,2,-0.672,1.9,0.06,-1.73,-0.95
2009,3,0.121,0.4,0.57,-1.98,-1.02
2009,4,0.973,0.8,-0.2,-2.13,0.21
2009,5,1.194,-0.1,1.68,-1.32,-0.58
2009,6,-1.351,0.1,-1.21,-0.68,0.35
2009,7,-1.356,0.2,-2.15,-0.75,1.22
2009,8,-0.054,-0.2,-0.19,-0.32,0.65
2009,9,0.875,0.3,1.51,0.15,1.29
2009,10,-1.54,-1.2,-1.03,-0.09,0.43
2009,11,0.459,-0.6,-0.02,-0.88,0.21
2009,12,-3.413,-0.7,-1.93,-0.31,0.34
2010,1,-2.587,-1.1,-1.11,0.23,1.25
2010,2,-4.266,-1.5,-1.98,0.15,0.58
2010,3,-0.432,-0.7,-0.88,-0.23,2.02
2010,4,-0.275,1.2,-0.72,-0.26,1.54
2010,5,-0.919,0.9,-1.49,-0.32,-0.93
2010,6,-0.013,0.4,-0.82,-0.82,-0.2
2010,7,0.435,1.8,-0.42,-1.93,1.4
2010,8,-0.117,1.8,-1.22,-2.26,1.1
2010,9,-0.865,2.2,-0.79,-2.19,1.34
2010,10,-0.467,1.7,-0.93,-1.49,1.8
2010,11,-0.376,1.3,-1.62,-1.51,-0.84
2010,12,-2.631,2.9,-1.85,-1.76,-1.78
2011,1,-1.683,2.3,-0.88,-1.63,1.29
2011,2,1.575,2.7,0.7,-1.5,-1.58
2011,3,1.424,2.5,0.61,-1.36,0.69
2011,4,2.275,1.9,2.48,-1.25,-1.59
2011,5,-0.035,0.4,-0.06,-0.83,0.19
2011,6,-0.858,0.2,-1.28,-1.12,0.22
2011,7,-0.472,1,-1.51,-2.37,-0.35
2011,8,-1.063,0.4,-1.35,-2.29,1.42
2011,9,0.665,1,0.54,-2.44,-0.42
2011,10,0.8,0.8,0.39,-1.87,0.63
2011,11,1.459,1.1,1.36,-2.88,-0.79
2011,12,2.221,2.5,2.52,-2.13,0.36
2012,1,-0.22,1.1,1.17,-1.64,0.6
2012,2,-0.036,0.5,0.42,-1.29,0.75
2012,3,1.037,0.7,1.27,-1.54,0.11
2012,4,-0.035,-0.3,0.47,-0.9,0.15
2012,5,0.168,0,-0.91,-2.07,-0.42
2012,6,-0.672,-0.4,-2.53,-1.41,-0.5
2012,7,0.168,0,-1.32,-2.13,-0.16
2012,8,0.014,-0.2,-0.98,-2.32,-0.17
2012,9,0.772,0.2,-0.59,-2.74,-0.42
2012,10,-1.514,0.3,-2.06,-1.13,-1.18
2012,11,-0.111,0.3,-0.58,-0.54,-1.1
2012,12,-1.749,-0.6,0.17,-1.35,-1.01
2013,1,-0.61,-0.1,0.35,-1.25,0.55
2013,2,-1.007,-0.2,-0.45,-1.65,0.45
2013,3,-3.185,1.5,-1.61,-1.72,0.04
2013,4,0.322,0.2,0.69,-0.74,-1.56
2013,5,0.494,0.8,0.57,-0.57,-0.36
2013,6,0.549,1.2,0.52,-1.31,-0.43
2013,7,-0.011,0.8,0.67,-1.33,-0.31
2013,8,0.154,0.2,0.97,-1.48,-0.03
2013,9,-0.461,0.3,0.24,-1,0.54
2013,10,0.263,-0.1,-1.28,-1.49,-0.34
2013,11,2.029,0.7,0.9,-1.09,-1.18
2013,12,1.475,0.1,0.95,-1.12,-0.86
2014,1,-0.969,1.4,0.29,-0.67,0.97
2014,2,0.044,0.1,1.34,-0.62,-0.95
2014,3,1.206,-0.9,0.8,0.14,-0.21
2014,4,0.972,0.8,0.31,0.4,0.25
2014,5,0.464,0.5,-0.92,1.04,-0.76
2014,6,-0.507,0.2,-0.97,-0.12,-1.46
2014,7,-0.489,-0.2,0.18,0.15,0.99
2014,8,-0.372,-0.7,-1.68,0.16,1.37
2014,9,0.102,-0.7,1.62,0.59,0.99
2014,10,-1.134,-0.6,-1.27,1.35,0.89
2014,11,-0.53,-0.9,0.68,1.29,0.68
2014,12,0.413,-0.6,1.86,1.91,0.67
2015,1,1.092,-0.8,1.79,1.73,0.61
2015,2,1.043,0.2,1.32,1.56,0.59
